run_id	ts_utc	prev_keten	payload_hash	keten
GENESIS_V2	2026-07-27T10:41:06Z		43697cae2de91c64281b58405a8cd98b85cee0d6373ad422da95a358e3368324	43697cae2de91c64281b58405a8cd98b85cee0d6373ad422da95a358e3368324
canary-20260727-124245	2026-07-27T10:42:45Z	43697cae2de91c64281b58405a8cd98b85cee0d6373ad422da95a358e3368324	8561c761c8a0d07035276c67972c7b0f749ce81f94ad81f1ed927b783ae9312b	3b3dfbfdb364d45d9f78014f3b720ba63ee930804c6df9e90f3748fca0f28d0e
0c73dffada75493cbf31a7257f19df0a	2026-07-28T01:26:49Z	3b3dfbfdb364d45d9f78014f3b720ba63ee930804c6df9e90f3748fca0f28d0e	272cc554d4d72cc430901ab31c3106088b0c5dc61de9bae61c5638684c4e17dc	4c6b359abcc9aa166b17c6fd43b20f2a052317f0c9960b3c1aa9d172d455fc35
44ee775083e34a9ebec6de8576036e5b	2026-07-29T01:26:16Z	4c6b359abcc9aa166b17c6fd43b20f2a052317f0c9960b3c1aa9d172d455fc35	15630285fe82f77548134250562e40aeba8da6f675b879bd57d61ae0670b602e	cd55acb2522bc0385caf69e6e06707a9ef0ac0e45284a4873187b474e00660bb
501eae6503bb4eaea71efb602fb8d168	2026-07-30T01:26:15Z	cd55acb2522bc0385caf69e6e06707a9ef0ac0e45284a4873187b474e00660bb	1872f5bcefd900d84ad2d94d576014f55ed6a70a6b9d145588d97b1ebedb85ea	2482e87a370c7f82cbf2043658bb6d4e92a87c262d15d37e7d9b08aec4dda06d
bc8869f17acd4567882ed192753784c6	2026-07-31T01:40:32Z	2482e87a370c7f82cbf2043658bb6d4e92a87c262d15d37e7d9b08aec4dda06d	02acc4cd67beff1a0442b6010e9d50a42d5a309a5b798bdb59dcdd59c3e545d8	c827e7b62e7b51224f0c1e2280e9bcba49aa37045a507ec81168b4ab7b314ffb
638d86a445724f24a3c08d86fb203ed2	2026-08-01T01:29:04Z	c827e7b62e7b51224f0c1e2280e9bcba49aa37045a507ec81168b4ab7b314ffb	05672623b82e6a4987b4e4ddd93767cd3603db1e353abe569c0a0e9b42e9e584	a2072093128e37c240b4645b07c62e60f75eecc96001a2c208ae6d84c86c834a
b2b7a97b0c2041f88c901fe7d134d33f	2026-08-02T02:33:22Z	a2072093128e37c240b4645b07c62e60f75eecc96001a2c208ae6d84c86c834a	fde13f1fe8f9d52bbb82cd5c7cd81112366315d3bdefedc51951aff839ffdfd1	78fa577e99f7321abc6ad4a80e6534dc292612fc2eab8a60c51beeb97c3742b1
cae7802cbf4c48fa9c8474539e1c8ab6	2026-08-03T01:26:20Z	78fa577e99f7321abc6ad4a80e6534dc292612fc2eab8a60c51beeb97c3742b1	3ed7c56fd98ece852d3cfc320b3fee46db6660666221021ce4058bd4192e4b06	5f7d83efab53c74988fc0274040ce26294e9d65a8995c9e953231c09b7f18250
22a5171b18314be39d48533d6b11a09a	2026-08-04T01:26:21Z	5f7d83efab53c74988fc0274040ce26294e9d65a8995c9e953231c09b7f18250	16777cf9226d62eee7722a46bba64c017e54f749e7085ed734af1850b0af87b3	3126f68859fc56fe88649cd5b543547bc7739ff17fa15bfec2a8eeff5c8b3658
ee1c5517e7cf4fffa73a9c8a543a95d2	2026-08-05T01:27:17Z	3126f68859fc56fe88649cd5b543547bc7739ff17fa15bfec2a8eeff5c8b3658	35adf6f3b783739cf377fec6dc6a33ed252576ce30433f29693d0c02ea445f90	baa269ff0adc78970fe958bc2e0007a25a4f09b33cb29074d83e963bed53311d
4ccd8f02b5cb4995b2843624db608dac	2026-08-06T01:26:23Z	baa269ff0adc78970fe958bc2e0007a25a4f09b33cb29074d83e963bed53311d	cc0bf648e428c4c9028632e52f7db376d3a04c56579d89665362806c3fa08d93	b38d11234d2c2d694dad9e1ae523330d06ea54100cc9a2a05ccf163fb70bb369
16bb180976294631a9f4437792eea6ef	2026-08-07T01:53:26Z	b38d11234d2c2d694dad9e1ae523330d06ea54100cc9a2a05ccf163fb70bb369	29a0a77407b358e1c091df696affe53fc4341be376696eeed8b324f64cf62e87	a56a975c264003d667363914f0df252e2931ab4567523632ceffa2212d75ca10
e3ee75c4cf994631bca9665747900de7	2026-08-08T01:26:37Z	a56a975c264003d667363914f0df252e2931ab4567523632ceffa2212d75ca10	3e45632d5eafaee4fe3a08cc295fa81d4a5ec0221e03fcfadccff33c264e7502	a8a642766416eebe3f5b5fdca433eedb9f25bf99cd5079fe3ce13491f05a1ce4
4c0bf892231c4c1c8513d530016b559e	2026-08-09T02:11:06Z	a8a642766416eebe3f5b5fdca433eedb9f25bf99cd5079fe3ce13491f05a1ce4	ee2a715b9e55b0bc70b00cba9698ec0c6fac448b4dda93b79b62df4ba6eb7443	e2e436c980dc9db9d7ab607a471c106a10aee043af3eef5761b2d99a563eb8b5
c3cb50dbe7dc4650ba24c76bf3e20be8	2026-08-10T01:26:46Z	e2e436c980dc9db9d7ab607a471c106a10aee043af3eef5761b2d99a563eb8b5	c2da750fa5b29bc9168489de34b0574ec63cd17a533d131547beb68b8630b823	26ac3c1a630a94153e8cae3687ecf5fca303ff09ef031359264b005ee99f6299
c469d9ed73de4128b9e529b6bfbb7850	2026-08-11T01:26:36Z	26ac3c1a630a94153e8cae3687ecf5fca303ff09ef031359264b005ee99f6299	384c2bd1b8174d994c64da15fccf66d51a7ebb46e4637c7733bbfe10eb84b250	1684c8c3501470bb05d5e5deaa4185bb1edcd64bd673593d742877c035dd0ba0
dfa196bedc084267b51e1be48e09d1ff	2026-08-12T01:26:47Z	1684c8c3501470bb05d5e5deaa4185bb1edcd64bd673593d742877c035dd0ba0	e4511cd48ac4990b8b30725e6b10480aa5e0bcd098e4909233ff339bc9b1bd85	aaa00e3d29c18c0618ed3723651c1ce26ab51f8df579aead8f9ccd4b85072b05
aba1e0ffb71d4c49a1ec613149cfc030	2026-08-13T01:27:19Z	aaa00e3d29c18c0618ed3723651c1ce26ab51f8df579aead8f9ccd4b85072b05	cdfcaa1297d482f034e7abd41de311f18011836a8b3b18157a7806d2901c355c	9d473d115cb104962e92fb4551f2fa35308906dfd696cddbb124b6ce7ceaeecf
f8225c95e9b9463591fa5e47505d41ce	2026-08-14T01:35:46Z	9d473d115cb104962e92fb4551f2fa35308906dfd696cddbb124b6ce7ceaeecf	5d2edc58e7f0fd18b21299a0fbf37628ef05afad40323a4e9e98abe170515cc9	0495295acca387434432202fd73a817f659d94a4e7dba16361399f833ad23e9c
9901d465a2184acb99b752c6845b6e1a	2026-08-15T01:26:15Z	0495295acca387434432202fd73a817f659d94a4e7dba16361399f833ad23e9c	a07d45b649e52fcf737cd6470084729c0f6e3cf8a807a226df9f98c96508a6e3	6ef695d9165a4f4d218d3faa989804c7d6f470904bcfa30a9a888bb947d240b2
4f1a582f198d474ba2fe7c0e866154d8	2026-08-16T02:11:18Z	6ef695d9165a4f4d218d3faa989804c7d6f470904bcfa30a9a888bb947d240b2	0a069a59eb5660bc94f447233d000621cebd0a4efafa955fe074f041589fa3bd	c060b2b11865746db3e5604ec208242a8bfbd1bbebb373c030eb82f2cb84a1c4
feb3a360100143f484e8686420a9ed73	2026-08-17T01:29:06Z	c060b2b11865746db3e5604ec208242a8bfbd1bbebb373c030eb82f2cb84a1c4	4caa7a3e4d25359c65cccfc866cc52c1ac23feb33443840476cdc5b47d312a20	79cb452e1f2f361e73c4cc9e527e15fe69c1552a048dcab76df41914b3041507
b3c8cc55897f46b0954f1e50b37eebc2	2026-08-18T01:42:27Z	79cb452e1f2f361e73c4cc9e527e15fe69c1552a048dcab76df41914b3041507	2ce2163051d934b1cf2d36f3ace56fe86e0994215b7233d8f4a15f6c4437a3d4	4dcfdd5d4934dd896577d397eb22a43b56b330f04a1afc5ea08e3ebe4faf098c
ff8b16dd32b046debe2cc6f77820f2d0	2026-08-19T01:43:38Z	4dcfdd5d4934dd896577d397eb22a43b56b330f04a1afc5ea08e3ebe4faf098c	8f1ec39c50216245b5be5d176479de3e057d76aab242b3fb8d6535380c416eed	c5fd152b80f6a0caf48a033bdf6666bc10448c0200502c1410589e38131af3c0
a33a6d7815e247abbacb5d01dadebdfd	2026-08-20T01:27:20Z	c5fd152b80f6a0caf48a033bdf6666bc10448c0200502c1410589e38131af3c0	0e15fef0936e715b65e93b7e90622e1d5438c6f556a8edfe8777f4444aebeb17	f64150501aa5b1b2af48922c1b58f77779462826bf6d2a0d209e055c4b6e7e45
e8b6a514e352436e9e52e372032555a8	2026-08-21T01:36:42Z	f64150501aa5b1b2af48922c1b58f77779462826bf6d2a0d209e055c4b6e7e45	0d19800fbb3bd9d24b7db57bad6b15afe7c15f54ec7ba24b3371557352f30bd3	227bc61d1e67fc7cd5b3d78e3cefe461586eb0d9a1dc2754a4f28bc0da13b8ad
0204c9e1ec2a4b3ab5e3a3734a4cc932	2026-08-22T01:27:43Z	227bc61d1e67fc7cd5b3d78e3cefe461586eb0d9a1dc2754a4f28bc0da13b8ad	07ef9ef84d7f23492575978bf8cb76498c1f139e3411dfecb988cc2247e07a86	46cb6cb59cf931e4170f590801bbff57a03f73269706f0e48661099d684f8ccc
7164fe1af08344dba16db97179158089	2026-08-22T17:31:21Z	46cb6cb59cf931e4170f590801bbff57a03f73269706f0e48661099d684f8ccc	6beaba1519547fd67c6a25c82ea9491ac71f6298b444218e6555e443b155329e	60f29c2bc9dd7b7982b5afb9ad88a6a9ef95da6ac4cde7d101aeb6d040a77760
bfc26a62af8442cc8fe4baeecb2b3ac7	2026-08-23T02:10:19Z	60f29c2bc9dd7b7982b5afb9ad88a6a9ef95da6ac4cde7d101aeb6d040a77760	705644759c10bbc03dfbfeebe9ac201d12b20bcf1657e47a4a15365fc7df062a	afd73f495c42aee2664b2f590dd85217553a18621648be8bfc08d40e4e1c13af
3358ec23e3024b5fb3be4340c937823a	2026-08-24T01:27:24Z	afd73f495c42aee2664b2f590dd85217553a18621648be8bfc08d40e4e1c13af	f88852b0603e6a6b3a6fb1fdebd226736d59daab5cec24f4e5b85142a3b00e82	74f26c9292e40c298ba786809a5981133340ee95b68984ae341971ea546d8672
5a45ef42e67c4d7fb585029dd184039e	2026-08-24T01:48:13Z	74f26c9292e40c298ba786809a5981133340ee95b68984ae341971ea546d8672	9d183400cb2e232b9ac3c164ed746bef73115c804a4c359c4cbc78e475df0af2	7ef0e353af3089655ac8315bcfffdd5d3a1626b25f2cc8de9c559b945ab0f314
9d2c488047204d788306f8e536d62613	2026-08-25T01:27:34Z	7ef0e353af3089655ac8315bcfffdd5d3a1626b25f2cc8de9c559b945ab0f314	4d8808a3e969fbcc4295b732b5c843d579c0decf8da1f93f539f4c83b290297a	546c5158bb2b2c96e0e3dcb354128cbd1e86f3fd131262690bd8554fab431979
c6e16123559642ebbbddbdbcf83d42b4	2026-08-25T01:48:50Z	546c5158bb2b2c96e0e3dcb354128cbd1e86f3fd131262690bd8554fab431979	9392ea57a54df7c2a4bca08db54ff801ac40880c09c65606b643a1b080c12498	f4711118909da2c2f7439e961268a17ba0a00e9a37d1b4b7bd654bfd49132662
59b2be57f9724b57a633af60942e5841	2026-08-26T01:29:48Z	f4711118909da2c2f7439e961268a17ba0a00e9a37d1b4b7bd654bfd49132662	da17e294e1e6f60965f70ff61536e8cea69b3d8eb44b74c60b57f92bc47137e1	6db01f9c2d220ffd0612be3540d14aea8944b295dd8f83c95a4e4d5059987828
b9489e2b5d8942fdbeae53648638ebef	2026-08-26T01:49:11Z	6db01f9c2d220ffd0612be3540d14aea8944b295dd8f83c95a4e4d5059987828	aeec831109fc236d55cee566f6104b10b50d96b32e8bf3bcf0f67c92949b6d7f	0174ca1ba7d162d9bbfa613231988a07acc9d91d1ce9439a138e778a668de3d1
75a72f78c81541c1acb7bd024f014ed1	2026-08-27T01:27:41Z	0174ca1ba7d162d9bbfa613231988a07acc9d91d1ce9439a138e778a668de3d1	334c82b3522a929824a212768ea9d87a451ef02b99910852055dcb91accbb876	ff79e4bf10e60876a12f43a5670130b9a08322e01159ac57e1bca3600d4b741c
472a80b7ff7c4b5cbec6cf96b393a939	2026-08-27T01:46:21Z	ff79e4bf10e60876a12f43a5670130b9a08322e01159ac57e1bca3600d4b741c	22cc348ec92dd1da5167592ab6c6b167dfb452315543571f5357252d8c8e142b	43349814f0eb7c08332f2196fecac2be9b743b87d764ebdbef8a7c62ef321cfc
fa84ee884f3e43cfbbf78499e1b90cab	2026-08-28T01:29:35Z	43349814f0eb7c08332f2196fecac2be9b743b87d764ebdbef8a7c62ef321cfc	b49f47599318f03587e753e79683954085cc95962029641b443f1583abc7b140	a5ad760caec6f2b6ebb62f1913f23e1868ca93e125641f369def4c8801cbf096
fb71cd1670144a49937b8e8d30341443	2026-08-28T01:48:07Z	a5ad760caec6f2b6ebb62f1913f23e1868ca93e125641f369def4c8801cbf096	a4ea034dcbc2100b7979ad79b94d761399a6c8c3fe0208dde2c94c64efe009d5	e7ffe932b6506cbfd5c65c513e9526091596e90a5e47cdb3d2d6f84eaa3ab5ff
8c7b4270a248455490287a60be31a6d6	2026-08-29T01:35:18Z	e7ffe932b6506cbfd5c65c513e9526091596e90a5e47cdb3d2d6f84eaa3ab5ff	b450e1f6fe18c2d8bf82bfb0aab431fa8566716336e0cd922b8b2c5eeed63e4e	c0f9041a35bcfa6e8bd23e379151ebdcb7f9c7c4ac8ec70249ca66c401eed9ba
cf7cb608266c4773b246df8414d249cb	2026-08-29T01:54:07Z	c0f9041a35bcfa6e8bd23e379151ebdcb7f9c7c4ac8ec70249ca66c401eed9ba	8196017bc1acd626de31c31c42c06e05906475ecc5c14903ff6af24205d30737	9563c456f4a9afa012ace6723db9db86f9afe61fcd005bd1e16f4410369274d2
2c2d838063ba496bb5c7ac001c5049d4	2026-08-30T02:13:20Z	9563c456f4a9afa012ace6723db9db86f9afe61fcd005bd1e16f4410369274d2	4b1b73a9ebf34782a158937803fdad8c08775ae1fee4ed45de0ee6dc3ab85fad	fa954d9b28fa9ded04042c8d5fd51c9134b062bde79ad53a3988f0d049a3ee7b
4d047767472c466a94e41b0c8fa0f238	2026-08-31T01:28:41Z	fa954d9b28fa9ded04042c8d5fd51c9134b062bde79ad53a3988f0d049a3ee7b	06cbd658922f5b1c338040425ed202459fde69ae633cbd7fbed594b2fec88a1f	f7cdb1ab453e99235580edc2533767aa958d6e14fcc1767e6f0f458482812be3
5e96ade55151483794b08e21d2236182	2026-08-31T01:47:20Z	f7cdb1ab453e99235580edc2533767aa958d6e14fcc1767e6f0f458482812be3	8a50552cf3d1a3599f4c248c4d88fe66d15a9c106b05632894fde110f4a0c114	494a8c0ebe63ccf7195b41c1e760c4d47cafcfa20f67ae264b1ecc89379d9156
5c754e03530a49aaba7e6f346b52510e	2026-09-01T01:27:52Z	494a8c0ebe63ccf7195b41c1e760c4d47cafcfa20f67ae264b1ecc89379d9156	440a88f7f1ff10f0d04bf2e6089d62a3b71f4ffe068faa7c853577f443f8ae50	40c80d5d583172fb36690413023fc2dd18b85f079e5469ca8155d990f63f9d10
ddbe6c47f8b44ad7846e70c4907f80a8	2026-09-01T01:47:05Z	40c80d5d583172fb36690413023fc2dd18b85f079e5469ca8155d990f63f9d10	46c42e23307d826e9e3686d7f9e121c58724b2f2b86e23d4a57508f80db604de	5d167b08c678c52830ad13916f43b35c4b4b3633d98945afb8b327def666cf3c
be0ecd6e898b404b961b68632c970c40	2026-09-02T01:27:48Z	5d167b08c678c52830ad13916f43b35c4b4b3633d98945afb8b327def666cf3c	8a2cbad91fcd81c0ab8fafd59ed604938f49cac432c74e8dff85695fbdbfe04a	a5a55a452e997493062eceeaea915a71eaf4bba83c470399925d8b90cdd06afa
0deda657c14a4ac18c9ac57b24b70a76	2026-09-02T01:47:05Z	a5a55a452e997493062eceeaea915a71eaf4bba83c470399925d8b90cdd06afa	33f39c8faa113a8e687e8aa6110b940bf3d4fd547df3acb0d30ecca545c57d70	4aaf256240cb7e435999347788033b466383f3787aa0e284c6f44b3a2ce2c82f
1cdb7f25c3b843dfa19dd4deb1b8c8a0	2026-09-03T01:29:23Z	4aaf256240cb7e435999347788033b466383f3787aa0e284c6f44b3a2ce2c82f	d3f3cc9943519be536f7236647f12bbc5e2305c81b8a428aff9328dce530f0f6	f29f30fdd7b43d08c846a57f66224c01bf3f0cb234f2f87fc34d682a8370cd3d
7be2de9607c9455fa940600e29f5082d	2026-09-03T01:51:41Z	f29f30fdd7b43d08c846a57f66224c01bf3f0cb234f2f87fc34d682a8370cd3d	bcc9948be7dd6b30d439dc48512c942b37ec99f474ef837f49d0c36ed78aa470	666de1397bca4521b16f79beff37bbed20dca6017dfe2ce68f4258b22c8cd34b
08752ba105af4566be48b6b3150ec940	2026-09-04T01:31:57Z	666de1397bca4521b16f79beff37bbed20dca6017dfe2ce68f4258b22c8cd34b	cff21c1d2811448efcf83eb1fb5e45643a667dc0a1c9e015f3f4e7e53828a520	d6a72ef13f05fb6c17426bf6c6d62242819c02f9cb599124f6dd493c5d5f6569
f76a3bb25b0c4b1793b97a35728a86f2	2026-09-04T01:52:06Z	d6a72ef13f05fb6c17426bf6c6d62242819c02f9cb599124f6dd493c5d5f6569	9834585cfa206205f244c13256334da0669774b804da7de0e7ad3b08e7d67d87	21b5bd19d2b0b5b548945e22f7c7c1dd9ace45a514ffec145d166a9553ec1409
41f2b767433942448318afa2453801b6	2026-09-05T01:34:51Z	21b5bd19d2b0b5b548945e22f7c7c1dd9ace45a514ffec145d166a9553ec1409	419f6eca6cc7a08ae8e36de1a8e4b3f58582fd812e5100a67cea5b3e8e4d0731	899d0fe22582e1c2a5acc046a326831117704ecb6065d42727ee1ac0e9dccaac
3b135a82c26b4ab9b6ffb82a1fdaaa3a	2026-09-05T01:54:51Z	899d0fe22582e1c2a5acc046a326831117704ecb6065d42727ee1ac0e9dccaac	c759f3b60689e6d43686699911250f9b10522f58e59c74378b44dff0238609d2	e3899d56b0a407fbaab537179cd820d74025fcdb6d971830fe69739efce2ebce
f57da5db360148629704f2620bfe1146	2026-09-06T02:14:27Z	e3899d56b0a407fbaab537179cd820d74025fcdb6d971830fe69739efce2ebce	ddc8c45683c94e16c0120f9efbb5ed83234d00dd9306d00bf97178c454ab0100	0597b5a1f619a0a5760a728e7539b98bc8a4b68b172ed0615f934e8517805954
1fca902927a24806a59893fefee4558d	2026-09-06T02:33:31Z	0597b5a1f619a0a5760a728e7539b98bc8a4b68b172ed0615f934e8517805954	f0b58e62a67a0b4b91601f37614e0b241ca0e82ed969470d03fcd405fbfc34f3	2969aa6a3f4e1251ca7c74fbeeb30a4a680afb5d58fa6f35ac8a2f936ef6d135
550689f626df416782a67dc7a83cdc44	2026-09-07T01:28:02Z	2969aa6a3f4e1251ca7c74fbeeb30a4a680afb5d58fa6f35ac8a2f936ef6d135	2ae2f24dff1673e3a9e9392c658a1b7d877915600cc584c728e5e7618b803820	3814ef31d1d060aa1ce876595946d0039a0259611731ee72d0c90fcd873809bb
faf7a7ff4d5a482e8b18e9f802e6aad2	2026-09-08T01:30:20Z	3814ef31d1d060aa1ce876595946d0039a0259611731ee72d0c90fcd873809bb	1ee51c8cb5be08d4e9797ea73a927366776aff82995a94aa39b18f94a190e07b	7ff12d6e501cea0d142c16f9b57c867d8a8d933190d9f7dff26b33ee8e67a4e8
a640ee1e667446a59799ec6d4e58575d	2026-09-08T01:50:56Z	7ff12d6e501cea0d142c16f9b57c867d8a8d933190d9f7dff26b33ee8e67a4e8	1c1213948f5988cba68645a8883ff1a4b4faa5ee0e595c4d92ac5e6a6117dcd5	4454185d2f2551ce861a4ad4c7ff72a6464f5501c07ea0492b60702bb5566a3d
378bdbdf38a24a799efa12e147febcc3	2026-09-09T01:30:08Z	4454185d2f2551ce861a4ad4c7ff72a6464f5501c07ea0492b60702bb5566a3d	10233f81ec307745e28b424ff025fa178ba1f975cf8e112b5b0b4708080d52e1	f9a5daec99f420f74740d219bdaa20e7ab9d4934a3922cbd7068af25ed0314cf
68366788df9c49d69ea16782e0a1f59a	2026-09-09T01:54:07Z	f9a5daec99f420f74740d219bdaa20e7ab9d4934a3922cbd7068af25ed0314cf	63d3dbe7b2cfd12b36f36657a3e56733de67e12225b943262ccd45cd3bbeaf40	698a45cfea56eae8c9474aac3a1d52669f2ca3a7c6ef594d3e94f0f25351c3d3
0f971412811c473d86402fdca8280d5d	2026-09-10T01:27:58Z	698a45cfea56eae8c9474aac3a1d52669f2ca3a7c6ef594d3e94f0f25351c3d3	0bc1b609c7612a0e834fea34f0c4be38144fb30fd85428226e11fb2cd4ece58e	586b96ffa34b069b0675e290caba99420c3135f52dcf97a9db6605c83e031e07
772f85b9a5b54a379b5d4a0dc09e4dba	2026-09-10T01:48:44Z	586b96ffa34b069b0675e290caba99420c3135f52dcf97a9db6605c83e031e07	566bf7711d93d3d7078ee5c5941b4fb4cd84c11a141a3c3066399eae7bb5ef5a	dedc23b49c7266dc1eb6f1a53939c95a1e09173793f8540a9821195f50c29338
cd22dd57805e402993ce2bb791c183b7	2026-09-11T01:29:57Z	dedc23b49c7266dc1eb6f1a53939c95a1e09173793f8540a9821195f50c29338	78f27fc4c685edeae4983bd2c4f63fb6b835ae67e02a6d0058934830a39e343d	da47bbafa3f87ae0dc6537033b2efd22cd881cf14859cd0ddea75664c84a3ed5
095be16afe45444a8dea7e691248093f	2026-09-11T01:51:12Z	da47bbafa3f87ae0dc6537033b2efd22cd881cf14859cd0ddea75664c84a3ed5	67e7cb5db2a2c811bb589ac0b82dbb9f540d84dab17fdcaf9b233a23d5910997	51a1faaaaab0dc862b06c58d2a3766d893531cd7fb92817d06609fb0bd73fd8f
120cb92f4ed24f88b0d49c64bee985c0	2026-09-12T01:38:04Z	51a1faaaaab0dc862b06c58d2a3766d893531cd7fb92817d06609fb0bd73fd8f	bb409f0ee2d7273025f061a0e772c336a4a66cd709aeef0cbf1204d4a9935935	b64aa799cd3945fe812115af4f5e1c0369c5e8f2f1fa52a17395f726d40c8300
ec9d49aa3ba14d9d80816d395a9a4170	2026-09-12T01:58:58Z	b64aa799cd3945fe812115af4f5e1c0369c5e8f2f1fa52a17395f726d40c8300	d247117aa2c9f95011c7458f558154da2a5598575a6f14bb2897bb452afe5e21	d25c0047896bbc5888bdb1c559b0e1b9b2ae81c2c8fa6a1c53a102b51a0c124f
23be0d23bafd4362a35e940bee26df87	2026-09-13T02:14:03Z	d25c0047896bbc5888bdb1c559b0e1b9b2ae81c2c8fa6a1c53a102b51a0c124f	7623e86fae6db0679301d159d0e618648389ada469dcf18463dd069887bff7bc	3b2479cb985ffaba677afac2dc5c60ed2240d5d83beb9b1d964fbd9902abab1c
0e2355b6e84b46d1954f098ca075da45	2026-09-13T02:34:28Z	3b2479cb985ffaba677afac2dc5c60ed2240d5d83beb9b1d964fbd9902abab1c	879d5f7e5b989351d823b034571e6062f08438a7e408c5ecd77a680d43ed56c4	65a4d91d8f2d49dfa5c20cf83c2355206403b793a2516f10f9512df7e996aef0
f6b4e4d3b6f249e2a2d905c0b1754172	2026-09-14T01:27:51Z	65a4d91d8f2d49dfa5c20cf83c2355206403b793a2516f10f9512df7e996aef0	b0738a71e03a0e1325298ac34fb4314a2126c40bf36ad6d365b8919c2a8f1be0	075b95c523a2a3cacb166d702a61b881888b7f4af5497f44fd3fba4685e0142a
5725e0479f5148a9aaddfa1135c7e7f9	2026-09-15T01:30:35Z	075b95c523a2a3cacb166d702a61b881888b7f4af5497f44fd3fba4685e0142a	5478ee444e8ec0ed23ddd185ecb7e85002b1ad344248e5a91f0ef03ecb55b4f9	bfa59a801ee6049390c9b8637675eabb8a895806f6000efce7f2abc51abd32c8
3f8f75814c7046fe9042a2756536a3ac	2026-09-15T01:51:28Z	bfa59a801ee6049390c9b8637675eabb8a895806f6000efce7f2abc51abd32c8	4e2159d27a959b9cd6217a8630399e8d82832280dbdab4bb7cd2855d7a2ad5b4	e4ca0b246e504609d34d0c923e4964eb15dd1727d568c863191671cabfe52ed6
06f4b060ac4f4abd96e0af2357b0af11	2026-09-16T01:29:46Z	e4ca0b246e504609d34d0c923e4964eb15dd1727d568c863191671cabfe52ed6	438f9ae1237034969c3016862a003fe86ae84e08e26b79e87e880ea2fa6ba752	4b634875b3aa50118838b0e0642140332a1dd0eb718b883f8ab2f9157f4b09b5
cc1c80213d314512b971321477e870c1	2026-09-16T01:53:11Z	4b634875b3aa50118838b0e0642140332a1dd0eb718b883f8ab2f9157f4b09b5	5433f50fbb506e53dfdcbdaa29a55615dfef53b7ad12c6be1009d4db9d29bd0c	5cc4b226b9fc0a8b0303b2a6cc68c5f94d49366419474e0adf5390ab20cb3c47
6c462a9a644b475293adcad5c83672c0	2026-09-17T01:28:38Z	5cc4b226b9fc0a8b0303b2a6cc68c5f94d49366419474e0adf5390ab20cb3c47	08b451fd44b676d8988586839cd7352dc2a5a314de411efe9ace88beeeec22b4	d5a5036bb9fa55f28d5f4fb34f5504bbe75c3356c7e4be4174ead575180c60ef
734877c05ad24b459d24297199c9c842	2026-09-17T01:50:04Z	d5a5036bb9fa55f28d5f4fb34f5504bbe75c3356c7e4be4174ead575180c60ef	e8b6211c9a4c11845c5201ef02573b3855733ce8621741e4b7e71d5b1a1196bb	42ac8b1d29036d8b6864ef1b416fd33c091618fbef35d7a2bbd2e6c50a667dd6
fc706cec6cb548778c4562f0211a9ebf	2026-09-18T01:51:08Z	42ac8b1d29036d8b6864ef1b416fd33c091618fbef35d7a2bbd2e6c50a667dd6	60caee19e02bb7da27ea1daa36c7e9b97fddc4c05ced8ee8e39fb418191ce678	8e413acf52262e7f469470c9670ad9ce1d550cde105e345cf45a1b73d0f33ac4
d865149700b04e7e9daa62a7259328b6	2026-09-18T02:13:58Z	8e413acf52262e7f469470c9670ad9ce1d550cde105e345cf45a1b73d0f33ac4	1fdaad9401155b1b425f7ae390389bbf3773bfc24bf84acdf2c44be4243853cf	6251cfee3842964a9f13a4a83edeb23440003401174be212756f4a23f7890118
11f2d8ea1cb14b878b33270a07a34133	2026-09-19T01:36:24Z	6251cfee3842964a9f13a4a83edeb23440003401174be212756f4a23f7890118	b893a5524eb47e4c06f081f3a7481596d78a7296721101309be79461dc4eda80	459f61bb60839c8a14a34047bbe0ddce3cdf2343050ccafd3b17b772cefde414
203b956053474ec6b8afcc0db48fc9e9	2026-09-20T02:18:27Z	459f61bb60839c8a14a34047bbe0ddce3cdf2343050ccafd3b17b772cefde414	4103c20ff9ebff7519fc4c9bc804819ac3035397fda996053a9013b0f220f902	4deef80f6e1f716f8f39e4a1d0c728ea0f84fe05ebbc41a07cc351ae7c938325
7bd1be16833140e1a81508ca4351efe1	2026-09-20T02:45:03Z	4deef80f6e1f716f8f39e4a1d0c728ea0f84fe05ebbc41a07cc351ae7c938325	70fd8c7c68c082d4c373eff03b9211930a1f86b8b1aeafda0d0c4b2d8b5a7a99	165c62b21f60054122f4449e7cafdeb4f86d9e5a4a3bb3f2f753272ee0da6071
